Source,Name,Year,Country,Athelete/Team/Creator,Competition 
https://www.youtube.com/watch?v=gwYi-Da1Ths,First ever parkour documentary - 1997 - Stade 2,1997,France ,David Belle / team tracers ,no
https://www.youtube.com/watch?v=6jWs1TC5eGw,Le Parkour - La Releve,1997,France ,La Releve ,no
https://vimeo.com/6495648,Out of Time,2009,Latvia,Oleg Vorslav,no
https://www.youtube.com/watch?v=WEeqHj3Nj2c,Parkour and FreeRunning,2006,,Sauloca ,no
https://www.youtube.com/watch?v=rXQBnD-dGXI,Cambridge Joy ,2007,United Kingdom,Daniel Ilabaca,no
https://www.youtube.com/watch?v=KwRVHR32_G4,Thailand Parkour Tour 2010,2010,Thailand,Shaun Wood / Team Farang,no
https://www.youtube.com/watch?v=dHy9W9LpvlQ,Storm Freerun Volume 1 ,2010,United Kingdom,StormFreerun,no
https://www.youtube.com/watch?v=VafIjR4o-J0,"Parkour, imaginatively",2013,France and Germany,NaÃ¯m Lâ€™Inconsolable ,no
https://www.dailymotion.com/video/x38eox,Rush Hour,2002,United Kingdom,David Belle / BBC,no
https://www.youtube.com/watch?v=l8fSXGP9wvQ,Jump London,2003,United Kingdom,various french athletes ,no
https://www.youtube.com/watch?v=IjQxIRWZu0c,Evolution- Le parkour,2006,United Kingdom,3RUN,no
https://www.youtube.com/watch?v=Jbp7GsldBYA,Ripley's Believe It or Not - Yamakasi,2003,France and Germany,Ripleys / yamakasi,no
https://www.youtube.com/watch?v=zlt4lbMYppI,District B13 Chase Scene,2006,France,District 13 / David Belle,no
https://www.youtube.com/watch?v=G1xDy-aK75I,Power is Nothing Without Control,2008,United Kingdom,Blane,no
https://www.youtube.com/watch?v=ZgKxz1XejV0&feature=player_embedded,Speeders Parkour,2006,Belgium,Speeders,no
https://www.youtube.com/watch?time_continue=256&v=DNiwVWj0CaM,3run Family 07,2007,United Kingdom,3RUN,no
https://www.youtube.com/watch?v=plFMmzr4kHs,Eve Eve Day of London Funjoy,2008,United Kingdom,Daniel Ilabaca,no
https://www.youtube.com/watch?v=FP29nf6HOJc,Swim or sink. Parkour. | Galizian Urban Project,2011,Spain,Galizian Urban Project (GUP),no
https://www.youtube.com/watch?time_continue=863&v=wmIk5bqax3s,CHAPS ON TOUR 2011,2011,United Kingdom,no,no
https://www.youtube.com/watch?v=zS07ZhXBChM,RED BULL ART OF MOTION 2011 - LONDON,2011,United Kingdom,Red Bull,no
https://youtu.be/Uwa8TMqwCvI,365 parkour challenge | Month 12 Jimmy Davidson ( CHALLENGE COMPLETE ),2011,United States ,Jimmy Davidson ,no
https://youtu.be/1j4pQqpuFzs,Shit Parkour People Say,2012,United States ,Jimmy Davidson ,no
https://www.youtube.com/watch?v=fElW_T72bmY,Shine,2010,Germany,Mihn ,no
https://www.youtube.com/watch?v=D2kJZOfq7zk,Urban Ninja,2005,United States ,Emc Monkeys,no
https://www.youtube.com/watch?v=VUmHp0_1bmQ,Cato 2009,2009,Ukrane,Cato Aspmo,no
https://www.youtube.com/watch?v=JWiOVla9veo&feature=youtu.be,Parkour Addict ,2007,Europe (Various locations) ,Various European Athetes,no
https://www.youtube.com/watch?v=8d2bBawrWSY,yamakasi reportage stade 2,2006,France,yamakasi,no
https://www.youtube.com/watch?v=ippMPPu6gh4,Speed Air Man--David Belle,2006,France,David Belle,no
https://www.youtube.com/watch?v=MqPdWLbSwpE,Daniel Ilabaca - 2007 Showreel (Extended Version),2008,United Kingdom,Daniel Ilabaca,no
https://www.youtube.com/watch?v=6YZhAGduHVo,Barefootdem Foolish Blaps!,2007,United Kingdom,Phil Doyle ,no
https://www.youtube.com/watch?v=z40Hy8F7Md8,Livewire 2009,2009,United Kingdom,Tim Sheiff,no
https://www.youtube.com/watch?v=vwfOJNw2_jo,Blitzdem 5,2009,United Kingdom ,various uk athletes ,no
https://www.youtube.com/watch?v=5C8ILbrHV98,Summer Video,2010,United Kingdom,Callum Powell,no
https://www.youtube.com/watch?v=nL_HvozJiQw,Free Running Inspiration,2009,United Kingdom,3RUN,no
https://www.youtube.com/watch?v=92k9-7g8m-s,I FREERUN LA,2008,United States,Tempest ,no
https://www.youtube.com/watch?v=_amcG8S1nPg,Pasha - Flow,2010,Russia,Pasha Petkuns ,no
https://www.youtube.com/watch?v=MeUiyyDhfsA,SHADE 2009 (3RUN),2009,Russia ,Shade Zlat,no
https://www.youtube.com/watch?v=U6pyy8SQbtY,Erik Mukhametshin | 2010,2010,Russia ,Erik Mukhametshin,no
https://www.youtube.com/watch?v=-L5NrLW_xFc,Don't do it,2011,Russia,Alexander Bayturin,no
https://www.youtube.com/watch?v=u9b3lOS43QQ,Jason Paul - Parkour & Freerunning Germany / Frankfurt | Ashigaru.de,2009,Germany ,Jason Paul,no
https://www.youtube.com/watch?v=HkqTIx-qJxI,Dimitris Dk' Kyrsanidis,2015,Greece ,Dimitris Dk' Kyrsanidis,no
https://www.youtube.com/watch?v=-xkPuVzZ0Qc,Dead Style - Alfred Scott,2016,United States ,Alfred Scott,no
https://vimeo.com/11600094,MTVâ€™s Ultimate Parkour Challenge - Queen Mary (S01E01),2010,United States ,MTV,yes 
https://www.youtube.com/watch?v=pTi5A3WVRgE,Daniel Arroyo 2012,2012,United States ,Daniel Arroyo,no
https://www.youtube.com/watch?v=dj5AQLYHgF0,King's Parkour Demo 2008,2008,United States ,King David ,no
https://www.youtube.com/watch?v=BIGYjCvu0go&nohtml5=False,Storm Origins - Concrete Circus Freerun Film,2011,United Kingdom,Storm Freerun ,no
https://www.youtube.com/watch?v=XfDNGTVCzeQ,Kie Willis 2013 Parkour and Free Running Showreel,2013,United Kingdom ,Kie Willis ,no
https://www.youtube.com/watch?v=jsHY-rSldk8,Dylan Baker 2012,2013,United Kingdom,Dylan Baker ,no
https://www.youtube.com/watch?v=0VrQxTlXjO4,Mich Todorovic - Summer 2013 - Parkour,2014,Canada ,Mich Todorovic ,no
https://www.youtube.com/watch?v=WDRcyidu9y0,Ernest Lubonja - Simplicity 2016,2016,United States ,Ernest Lubonja ,no
https://www.youtube.com/watch?v=ORIdrTaTU5k,Hit the Road - Paris,2015,France ,Hit the Road ,no
https://www.youtube.com/watch?v=o16CcUauSYA,ROOF CULTURE,2014,United Kingdom ,Storror ,no
https://www.youtube.com/watch?v=hPQA3ecSzr8,Cavemen',2014,United Kingdom,Storror,no
https://www.youtube.com/watch?v=n_clqC69a-k,CAVEMEN of the concrete,2016,United Kingdom,Storror,no
https://www.youtube.com/watch?v=tdqPQ_yrxng&list=FLWS2vuxO5jE0ZpCzZm4AMUA&index=29&t=2s,Resurgence I Motus x RUN LDN,2017,United Kingdom ,The Motus Projects,no
https://www.youtube.com/watch?v=hKIo1TKijf0,Origins I The Motus Projects,2018,United Kingdom ,The Motus Projects,no
https://www.youtube.com/watch?v=voB6WiP83NU&list=FLWS2vuxO5jE0ZpCzZm4AMUA&index=41,"Professor Longhair, Big Chief",2010,United Kingdom,Ampisound,no
https://www.youtube.com/watch?v=vwfOJNw2_jo&list=FLWS2vuxO5jE0ZpCzZm4AMUA&index=92,Blitzdem 5,2009,United Kingdom,Sachrot,no
https://www.youtube.com/watch?v=0VrQxTlXjO4&index=95&list=FLWS2vuxO5jE0ZpCzZm4AMUA,Mich Todorovic - Summer 2013 - Parkour,2014,Canada ,MichTodorovic,no
https://www.youtube.com/watch?v=OJMAL3jznDM&list=FLWS2vuxO5jE0ZpCzZm4AMUA&index=103,SALTUS- A Brief History of Movement,2015,Netherlands ,JUMP Freerun,no
https://www.youtube.com/watch?v=5QSegpGxucM&list=FLWS2vuxO5jE0ZpCzZm4AMUA&index=137,Origins,2008,United Kingdom,Blaneuk,no
https://www.youtube.com/watch?v=79k1ajjPZAI,Airplane Graveyard Vs Pro Freerunners: THE TAKEOVER,2013,United States,Tempest Freerunning,no
https://www.youtube.com/watch?v=kk8t4PD7PyE&list=FLWS2vuxO5jE0ZpCzZm4AMUA&index=163,Galizian Urban Project - GUP - You are your own war. Parkour. | Galizian Urban Project,2013,Spain,Galizian Urban Project (GUP),no
https://www.youtube.com/watch?v=VafIjR4o-J0&list=FLWS2vuxO5jE0ZpCzZm4AMUA&index=147,"Parkour, imaginatively",2013,Germany,NaÃ¯m Lâ€™Inconsolable ,no
https://www.youtube.com/watch?v=QH09YCtpKaw&list=FLWS2vuxO5jE0ZpCzZm4AMUA&index=206,Parkour Documentary: People in Motion,2012,USA,Cedric Dahl,no
https://www.youtube.com/watch?v=SMppD-bUNWo&list=FLWS2vuxO5jE0ZpCzZm4AMUA&index=214,"Parkour, Literally",2010,France,I1consolable,no
https://www.youtube.com/watch?v=CBaCOmXqwgo,Daniel Ilabaca - Choose Not To Fall,2009,United Kingdom,3run2009checkout,no
https://vimeo.com/storror,Roof CULTURE ASIA,2017,United Kingdom,Storror,no
https://vimeo.com/ondemand/supertramps/130652797,Storror Supertramps- Thailand,2015,United Kingdom,Storror,no
https://www.youtube.com/watch?time_continue=168&v=rXQBnD-dGXI,Daniel Ilabaca- Cambridge Joy,2007,United Kingdom,Breach Apparel,no
https://www.youtube.com/watch?v=WEeqHj3Nj2c,Parkour and FreeRunning,2006,,Sauloca ,no
https://www.youtube.com/watch?v=dPRnlTQMKWw&list=FLWS2vuxO5jE0ZpCzZm4AMUA&index=143,Myrmidons ,2014,USA,MYRM,no
https://www.youtube.com/watch?v=w6_EoeGxBGo,Russian Climbing- Parkour,2007,Russia,AmReborn,no
https://www.youtube.com/watch?v=l8fSXGP9wvQ,Jump London 2003 FULL video,2003,United Kingdom,ExtremeSpeedDK,no
https://www.youtube.com/watch?v=vzFFscHc5yM&t=3s,Go,2010,USA,TK17Studios,no
https://www.youtube.com/watch?v=vX0zQ-a-Af0,3Run- The Frontier,2007,United Kingdom,Chase Armitage,no
https://www.youtube.com/watch?v=47tlFVBA130&list=PLrPG2CmoEwc1dEXmNuX8LxCQZfm9SXikz&index=80,Nike Angry Chicken,2006,France ,Sebastien Founcan,no
https://www.youtube.com/watch?v=3N6oKiSJm-A&list=PLrPG2CmoEwc1dEXmNuX8LxCQZfm9SXikz&index=70,Will Sutton / Thats the One 4K,2015,United Kingdom ,Will Sutton ,no
https://www.youtube.com/watch?v=2Iapa03dfLU&list=PLrPG2CmoEwc1dEXmNuX8LxCQZfm9SXikz&index=57,Storm Freerun: Barcelona,2014,Spain,Storm Freerun ,no
 https://www.youtube.com/watch?v=kCjnj4dKoac&list=FLWS2vuxO5jE0ZpCzZm4AMUA&index=45,Old Mate Europe ,2015,Australia ,Owls Gang Parliament,no
https://www.youtube.com/watch?v=bIxSubOOX_U,Unwound Soul,2016,Canada ,Joey L. Vasquez,no
https://www.youtube.com/watch?v=H6AO-RhaG_4,Paris Rooftop Parkour POV ðŸ‡«ðŸ‡·,2018,France ,Storror ,no
https://www.youtube.com/watch?v=RHnXg6piz20,Crossing Continents - Parkour and Moving Obstacles,2018,Turkey ,Storror ,no
https://www.youtube.com/watch?v=yLdVz34ATpA,Lisbon Rooftop Parkour POV,2018,Portugal ,Luis Alkmim,no
https://www.youtube.com/watch?v=GcKkiRl9_qE,Rooftop POV Escape from Hong Kong security! ðŸ‡­ðŸ‡°,2018,Hong Kong ,Storror ,no
https://www.youtube.com/watch?v=svfI-bTdMcI,POV Full Run - WORLD'S LARGEST PARKOUR COURSE | Calen Chan,2017,China ,Skyladder Parkour course,yes 
https://www.youtube.com/watch?v=Mv7J2CLBYBk,Last Call for Mr. Paul,2016,Germany ,Red Bull ,no
https://www.youtube.com/watch?v=ZHNO679QrVA,16 BARZ,2018,United States ,Darryl Stingley,no
https://www.youtube.com/watch?v=YRThj6-EIvQ&list=FLWS2vuxO5jE0ZpCzZm4AMUA&index=77,Eight Years Training,2015,United States ,Max Henry ,no
https://www.youtube.com/watch?v=oqMNr5sROf0&list=FLWS2vuxO5jE0ZpCzZm4AMUA&index=78,CP: Creating Progress,2015,Singapore ,Denester,no
https://www.youtube.com/watch?v=zOKP-LU5N0M&list=FLWS2vuxO5jE0ZpCzZm4AMUA&index=117,Return of the Joy,2015,United Kingdom ,Ampisound ,no
https://www.youtube.com/watch?v=7n7ms_l1ofo&list=PLrPG2CmoEwc1dEXmNuX8LxCQZfm9SXikz&index=56,Freerun VS. Skatepark ,2013,Thailand ,Team Farang,no
https://www.youtube.com/watch?v=bIQREeW_6T8,Storm Freerun - Drone Parkour in 4K,2016,United Kingdom ,Storm Freerun ,no 
https://www.youtube.com/watch?v=KSwBT6QRUjA,Cambridge Parkour POV - Rooftop Run,2013,United Kingdom ,Ampisound ,no
https://www.youtube.com/watch?v=atg5s65oAxg,Boss Mode | Team Farang,2013,Thailand ,Team Farang ,no 
https://www.youtube.com/watch?v=HQKws9cbTJQ,Jason Paul's Tokyo Drift | Team Farang | Freerunning,2014,Japan,Team Farang,no
https://www.youtube.com/watch?v=0FeA2XNNZW0,Jason Paul Arcade Run - Freerunning in 8bit,2014,Germany ,Jason Paul,no 
https://www.youtube.com/watch?v=qTnoMjaY-uw,Everything you missed at Red Bull Art of Motion!,2017,Greece ,Red Bull,yes 
https://www.youtube.com/watch?v=0s9Vfv940gI,2016 NAPC Qualifier Highlights & Results,2016,Canada ,Sports Parkour League ,yes 
https://www.youtube.com/watch?v=v5iQWY6AITY,Free running competition in London - Red Bull Art of Motion 2011,2011,United Kingdom,Red Bull,yes 
https://www.youtube.com/watch?v=YJomfU7kvAY,One,2018,Australia ,Owls Gang Parliament,no
https://www.youtube.com/watch?v=xaswswfwaWo,Parkour Twins (Best Parkour & Freerunning Clips),2019,Australia ,Parkour Twins ,no 
https://www.youtube.com/watch?v=DYKomQh0G2Q,Risky stunt crew get impossible shots ðŸ‡ªðŸ‡¸,2019,United Kingdom ,no,no
https://www.youtube.com/watch?v=13piCWvyDZo&list=FLvZRUilQcsA8K4W_MNXHjjA,Team Farang Recap 2018,2018,Thailand ,Team Farang,no
https://www.youtube.com/watch?v=OnuWV_LFAho,Summer's Not Over - Kie Willis,2018,United Kingdom,Storm Freerun ,no 
https://www.youtube.com/watch?v=588Hz8-KBD0,Lorena Abreu 2017(ish) Parkour / Freerunning,2018,United States ,Lorena Abreu,no
https://www.youtube.com/watch?v=VWq4xDVBH10,We are Ashigaru - Parkour & Freerunning Germany,2018,Germany ,Ashigaru ,no
https://www.youtube.com/watch?v=yTsB14Ls3fA&list=FLvZRUilQcsA8K4W_MNXHjjA,Into the Void - Nate Weston,2018,United States ,Nate Weston,no
https://www.youtube.com/watch?v=mcThi65c3eU,The End ijs Near,2015,Germany ,Endjis  Miscenko,no
https://www.youtube.com/watch?v=zmC_Vd_jToE,"Andi WÃ¶hle ""Schwing das Ding"" - Parkour & Freerun 2017",2017,Germany ,Andi Wohle,no
https://www.youtube.com/watch?v=yKWMrx2Mupg,Joel Eggimann - Showreel 2017,2017,Switzerland ,Joel Eggimann,no
https://www.youtube.com/watch?v=Caa-0XtVKYY&list=FLvZRUilQcsA8K4W_MNXHjjA,Pintos What - Clips of 2016,2016,Spain ,What Parkour ,no
https://www.youtube.com/watch?v=hJeiqHSSMQQ,A Month in Tokyo,2016,Japan,Scott Bass ,no
https://www.youtube.com/watch?v=d7HdZd-31Dk&index=58&list=FLvZRUilQcsA8K4W_MNXHjjA,Jimmy Perreira - Don't Mess Around With Jim - Rilla Hops - Parkour | Freerunning,2015,United States ,Rilla Hops ,no
https://www.youtube.com/watch?v=r-6SmrAvYsU&list=FLvZRUilQcsA8K4W_MNXHjjA&index=62,Parkour Swings 101,2015,Denmark,JammerRo,no
https://www.youtube.com/watch?v=WWrrBgrYOOc&list=FLvZRUilQcsA8K4W_MNXHjjA&index=66,C&J 2' - Episode 154,2015,United Kingdom,Storror,no
https://www.youtube.com/watch?v=GOJGC95cEOA&list=FLvZRUilQcsA8K4W_MNXHjjA&index=111,Runnin`,2014,Spain,Cosmin Marius,no
https://www.youtube.com/watch?v=I-Gp32wekx4,8 years of training,2016,Spain,Cosmin Marius,no
https://www.youtube.com/watch?v=hpnqGqEmJTQ&index=182&list=FLvZRUilQcsA8K4W_MNXHjjA,Cherepko - Summer 2014 (Another version),2014,Russia,Cherepko,no
https://www.youtube.com/watch?v=9hWI_aoG9zQ&t=3s,Rebuild.,2017,Portugal ,Marcio Filipe,no
https://www.youtube.com/watch?v=M6nTQ5yUtP4,Hometown /// Nate Weston,2018,United States ,Unparalleled Movement,no
https://www.youtube.com/watch?v=MhEaN6xksEQ,The Making of Hometown | Creating a Parkour Video with a World Class Athlete,2019,United Stated,Unparalleled Movement,no
https://www.youtube.com/watch?v=sCsyI88mTHs,The simplest of spot,2018,United States ,Eric Wolff,no
https://www.youtube.com/watch?v=XX_VXln7svs,Utopia,2018,,Pedro Thomas,no
https://www.youtube.com/watch?v=QDqrFwX87pY,Falling Is Living - Rilla Hops - Parkour | Freerunning,2013,United States,Rilla Hops ,no
https://vimeo.com/195451173,JOE AND ERIC PARKOUR SHOW,2017,United Kingdom,Eric Moor and Joe Scandrett,no
https://www.youtube.com/watch?v=0n2UyVQVb7Q&t=0s&index=11&list=LLBHvLvgWo19vqgsNQ3ySnOg,STORROR NIGHTSHIFT,2019,United Kingdom,Storror,no
https://www.youtube.com/watch?v=PE2xw1QZSiM&t=0s&index=53&list=LLBHvLvgWo19vqgsNQ3ySnOg,Parkour Leg Day,2017,United Kingdom,Callum Powell,no
https://www.youtube.com/watch?v=FZIzw16mcNE&list=LLBHvLvgWo19vqgsNQ3ySnOg&index=31&t=0s,Uro,2017,Norway,Uro,no
https://www.youtube.com/watch?v=gPkUvzSsZSE&list=LLBHvLvgWo19vqgsNQ3ySnOg&index=75&t=0s,The Most Ambidextrous Man Alive - Bob Reese,2017,United States,Bob Reese,no
https://www.youtube.com/watch?v=RkU5nErdN9A,Move To Inspire - Bob Reese,2019,United States,Bob Reese,no
https://www.youtube.com/watch?v=JUj7gQp7vIg&list=LLBHvLvgWo19vqgsNQ3ySnOg&index=109&t=0s,WE LIVE WAVY!!!,2017,United States,Darryl Stingley,no
https://www.youtube.com/watch?v=0myuUk3fytU&list=LLBHvLvgWo19vqgsNQ3ySnOg&index=115&t=0s,#frontflipfriday 2016,2017,Australia,Dominic DiTomaso,no
https://www.youtube.com/watch?v=fM_vt27riTY&list=LLBHvLvgWo19vqgsNQ3ySnOg&index=116&t=0s,Dom - Smashing Sydney,2016,Australia,Farang,no
https://www.youtube.com/watch?v=thQsEvuVdUg&list=LLBHvLvgWo19vqgsNQ3ySnOg&index=140&t=0s,Drop Kicks and Roof Tricks | Team Farang,2014,,Farang and Bart van der Linden,no
https://www.youtube.com/watch?v=vOWytGoJJwA&list=LLBHvLvgWo19vqgsNQ3ySnOg&index=168&t=0s,Bartje jumps again,2016,Netherlands,Bart van der Linden,no
https://www.youtube.com/watch?v=DD42Vo-sy7U,Life is for living.,2014,Spain,Galizian Urban Project (GUP),no
https://www.youtube.com/watch?v=o5_yrHIaz5w&list=LLBHvLvgWo19vqgsNQ3ySnOg&index=195&t=0s,Storror in Budapest,2016,Hungary,Storror,no
https://www.youtube.com/watch?v=_b1I6MVesEA&list=LLBHvLvgWo19vqgsNQ3ySnOg&index=252&t=0s,"4TLOM 2015 submission, Eric Wolff, United States",2015,United States,Eric Wolff,no
https://www.youtube.com/watch?v=_wzhSwK54e4&list=LLBHvLvgWo19vqgsNQ3ySnOg&index=253&t=0s,Back to the tech,2016,Denmark,Masa Suzuki,no
https://www.youtube.com/watch?v=XlEFPKYf6HM&list=LLBHvLvgWo19vqgsNQ3ySnOg&index=277&t=0s,Storror in Turkey - Cappadocia,2015,Turkey,Storror,no
https://www.youtube.com/watch?v=oaZ1id1eTkY&list=LLBHvLvgWo19vqgsNQ3ySnOg&index=281&t=0s,ALL GOOD - Team Farang Fails,2013,,Farang,no
https://www.youtube.com/watch?v=7n7ms_l1ofo&list=LLBHvLvgWo19vqgsNQ3ySnOg&index=293&t=0s,Freerun VS. Skatepark | Team Farang,2013,,Farang,no
https://www.youtube.com/watch?v=eNwIh1l_htQ&index=364&t=0s&list=LLBHvLvgWo19vqgsNQ3ySnOg,Pasha's Selfie Freerunning | Team Farang,2014,,Pavel (Pasha) Petkuns,no
https://www.youtube.com/watch?v=07UE9BwlhM8,We Jump The World - 2017!,2017,World,World,no
https://www.youtube.com/watch?v=HWjg0NMvJDQ,When I Was a Kid - Parkour Documentary,2016,Unites States,Joshua Cavalier,no